{"pitch": [-2.722424605319974, 5.0454126555414165, 320.47735434855184, 117.71762337230466], "energy": [-0.9894645810127258, 6.913147926330566, 38.55472909397941, 38.96524555905844]}